{"undo": [{"text": "        allow_cache,","type": 5.000000,"posy": 480.000000,"posx": 19.000000}],"redo": []}